latent space,method,data simulation,rvalue
SLS3279,Monocle,0,0.243239799779
SLS3279,Monocle,1,0.818603981424
SLS3279,Monocle,2,0.148167406081
SLS3279,Monocle,3,0.223322552542
SLS3279,Monocle,4,0.844424096254
SLS3279,Monocle,5,0.802836435716
SLS3279,Monocle,6,0.856855855532
SLS3279,Monocle,7,0.7147071597
SLS3279,Monocle,8,0.859950030796
SLS3279,Monocle,9,0.837104409205
SLS3279,Wanderlust,0,0.905356851405
SLS3279,Wanderlust,1,0.665918216416
SLS3279,Wanderlust,2,0.943439743496
SLS3279,Wanderlust,3,0.708221809218
SLS3279,Wanderlust,4,0.563199344457
SLS3279,Wanderlust,5,0.889943225715
SLS3279,Wanderlust,6,0.940293348034
SLS3279,Wanderlust,7,0.909789845391
SLS3279,Wanderlust,8,0.941672688359
SLS3279,Wanderlust,9,0.922286842841
SLS3279,topslam,0,0.846008132886
SLS3279,topslam,1,0.833005850994
SLS3279,topslam,2,0.825916117074
SLS3279,topslam,3,0.780566586457
SLS3279,topslam,4,0.874605125668
SLS3279,topslam,5,0.834527195803
SLS3279,topslam,6,0.855779089925
SLS3279,topslam,7,0.87087510356
SLS3279,topslam,8,0.864232245996
SLS3279,topslam,9,0.875166164198
SLS3551,Monocle,0,0.860642649671
SLS3551,Monocle,1,0.749499358128
SLS3551,Monocle,2,0.874937669087
SLS3551,Monocle,3,0.955109273283
SLS3551,Monocle,4,0.925674195563
SLS3551,Monocle,5,0.949758812615
SLS3551,Monocle,6,0.955249115454
SLS3551,Monocle,7,0.845218965394
SLS3551,Monocle,8,0.963176191458
SLS3551,Monocle,9,0.942787906007
SLS3551,Wanderlust,0,0.949366610111
SLS3551,Wanderlust,1,0.909581070218
SLS3551,Wanderlust,2,0.940952296784
SLS3551,Wanderlust,3,0.931650992464
SLS3551,Wanderlust,4,0.930211703883
SLS3551,Wanderlust,5,0.90779753277
SLS3551,Wanderlust,6,0.924139038868
SLS3551,Wanderlust,7,0.911100938062
SLS3551,Wanderlust,8,0.764335630452
SLS3551,Wanderlust,9,0.936704219373
SLS3551,topslam,0,0.936116643516
SLS3551,topslam,1,0.927400169064
SLS3551,topslam,2,0.92512542459
SLS3551,topslam,3,0.917235364103
SLS3551,topslam,4,0.945706936163
SLS3551,topslam,5,0.941253173585
SLS3551,topslam,6,0.925018805541
SLS3551,topslam,7,0.924500123132
SLS3551,topslam,8,0.943916592357
SLS3551,topslam,9,0.941082752214
SLS5001,Monocle,0,0.510958916008
SLS5001,Monocle,1,0.671765439407
SLS5001,Monocle,2,0.604225387373
SLS5001,Monocle,3,0.379202878957
SLS5001,Monocle,4,0.728284667308
SLS5001,Monocle,5,0.632286589038
SLS5001,Monocle,6,0.729189302304
SLS5001,Monocle,7,0.66643963786
SLS5001,Monocle,8,0.545569670977
SLS5001,Monocle,9,0.589428509459
SLS5001,Wanderlust,0,0.580259974587
SLS5001,Wanderlust,1,0.647847943926
SLS5001,Wanderlust,2,0.697434489788
SLS5001,Wanderlust,3,0.764225232546
SLS5001,Wanderlust,4,0.761953692243
SLS5001,Wanderlust,5,0.6832815315
SLS5001,Wanderlust,6,0.740454389925
SLS5001,Wanderlust,7,0.572826038736
SLS5001,Wanderlust,8,0.616412157021
SLS5001,Wanderlust,9,0.449438414621
SLS5001,topslam,0,0.918657408626
SLS5001,topslam,1,0.925002256536
SLS5001,topslam,2,0.889482648023
SLS5001,topslam,3,0.870742347763
SLS5001,topslam,4,0.859735085364
SLS5001,topslam,5,0.92275018974
SLS5001,topslam,6,0.931693906484
SLS5001,topslam,7,0.926243150376
SLS5001,topslam,8,0.926546158688
SLS5001,topslam,9,0.894864979821
SLS5081,Monocle,0,0.380899053358
SLS5081,Monocle,1,0.877789335195
SLS5081,Monocle,2,0.6925178606
SLS5081,Monocle,3,0.883859255999
SLS5081,Monocle,4,0.808246468871
SLS5081,Monocle,5,0.797056759359
SLS5081,Monocle,6,0.822227143464
SLS5081,Monocle,7,0.640236644301
SLS5081,Monocle,8,0.780505318494
SLS5081,Monocle,9,0.298644432155
SLS5081,Wanderlust,0,0.357337112637
SLS5081,Wanderlust,1,0.558970232595
SLS5081,Wanderlust,2,0.693042043777
SLS5081,Wanderlust,3,0.567795967621
SLS5081,Wanderlust,4,0.315154953489
SLS5081,Wanderlust,5,0.545469026267
SLS5081,Wanderlust,6,0.848608812315
SLS5081,Wanderlust,7,0.390221029736
SLS5081,Wanderlust,8,0.846438619952
SLS5081,Wanderlust,9,0.889570226405
SLS5081,topslam,0,0.944407080747
SLS5081,topslam,1,0.940776547931
SLS5081,topslam,2,0.947025425404
SLS5081,topslam,3,0.961005434877
SLS5081,topslam,4,0.922835720294
SLS5081,topslam,5,0.947244113575
SLS5081,topslam,6,0.953340396145
SLS5081,topslam,7,0.952244766502
SLS5081,topslam,8,0.930757771465
SLS5081,topslam,9,0.942543384684
SLS8971,Monocle,0,0.913821100068
SLS8971,Monocle,1,0.0953873306996
SLS8971,Monocle,2,0.631044345171
SLS8971,Monocle,3,0.911377141499
SLS8971,Monocle,4,0.898867170616
SLS8971,Monocle,5,0.788431481807
SLS8971,Monocle,6,0.531858268746
SLS8971,Monocle,7,0.889900807456
SLS8971,Monocle,8,0.841270436232
SLS8971,Monocle,9,0.840331803717
SLS8971,Wanderlust,0,0.928924829559
SLS8971,Wanderlust,1,0.888136237437
SLS8971,Wanderlust,2,0.940325473561
SLS8971,Wanderlust,3,0.920314719824
SLS8971,Wanderlust,4,0.922442002215
SLS8971,Wanderlust,5,0.919432675377
SLS8971,Wanderlust,6,0.918702430013
SLS8971,Wanderlust,7,0.911786874297
SLS8971,Wanderlust,8,0.925626057866
SLS8971,Wanderlust,9,0.932885375138
SLS8971,topslam,0,0.950699539135
SLS8971,topslam,1,0.940158308302
SLS8971,topslam,2,0.933632016905
SLS8971,topslam,3,0.928166230659
SLS8971,topslam,4,0.917224247752
SLS8971,topslam,5,0.923747530701
SLS8971,topslam,6,0.868734547578
SLS8971,topslam,7,0.932455382098
SLS8971,topslam,8,0.910966076313
SLS8971,topslam,9,0.931090769008
